{
    "LL": [
        0.049013747758517634,
        0.016420361247947456,
        0.0
    ],
    "LL_prediction": {
        "Time": [
            0,
            1,
            2,
            3,
            4,
            5,
            6,
            7,
            8,
            9,
            10,
            11,
            12,
            13,
            14,
            15,
            16,
            17,
            18,
            19,
            20,
            21,
            22,
            23,
            24,
            25,
            26,
            27,
            28,
            29,
            30,
            31,
            32,
            33,
            34,
            35,
            36,
            37,
            38,
            39,
            40,
            41,
            42,
            43,
            44,
            45,
            46,
            47,
            48,
            49,
            50
        ],
        "IC": [
            1.0,
            1.0482257105681128,
            1.0949172829246603,
            1.1401355152556878,
            1.1839385025754283,
            1.226381762686849,
            1.2675183561716146,
            1.3073990006941647,
            1.3460721798909976,
            1.3835842471033168,
            1.4199795241988316,
            1.4553003957167947,
            1.4895873985591481,
            1.522879307440025,
            1.5552132162956889,
            1.5866246158473734,
            1.617147467500253,
            1.646814273753064,
            1.6756561452845204,
            1.703702864874766,
            1.7309829483125299,
            1.7575237024314596,
            1.7833512804122604,
            1.8084907344807408,
            1.8329660661256506,
            1.8568002739542928,
            1.8800153992982425,
            1.9026325696761601,
            1.9246720402155648,
            1.9461532331305857,
            1.9670947753480594,
            1.9875145343699594,
            2.0074296524559148,
            2.026856579205608,
            2.0458111026170083,
            2.064308378692796,
            2.0823629596638615,
            2.0999888208954944,
            2.1171993865387324,
            2.134007553986377,
            2.1504257171903225,
            2.166465788894178,
            2.182139221832542,
            2.1974570289458937,
            2.2124298026576783,
            2.227067733257992,
            2.2413806264361105,
            2.2553779200021413,
            2.2690686998361005,
            2.2824617151009616,
            2.295565392754411
        ]
    },
    "ALG": [
        0.06707912732009118,
        0.03492063492063492,
        0.0
    ],
    "ALG_prediction": {
        "Time": [
            0,
            1,
            2,
            3,
            4,
            5,
            6,
            7,
            8,
            9,
            10,
            11,
            12,
            13,
            14,
            15,
            16,
            17,
            18,
            19,
            20,
            21,
            22,
            23,
            24,
            25,
            26,
            27,
            28,
            29,
            30,
            31,
            32,
            33,
            34,
            35,
            36,
            37,
            38,
            39,
            40,
            41,
            42,
            43,
            44,
            45,
            46,
            47,
            48,
            49,
            50
        ],
        "IC": [
            1.0,
            1.066010972161387,
            1.1299268849400392,
            1.1918085875098114,
            1.2517155576691201,
            1.3097059023958078,
            1.3658363614003444,
            1.4201623133787042,
            1.4727377846892087,
            1.5236154601989607,
            1.5728466960653416,
            1.6204815342364585,
            1.6665687184715823,
            1.7111557116985026,
            1.7542887145395167,
            1.7960126848514821,
            1.8363713581380912,
            1.875407268704339,
            1.9131617714341176,
            1.949675064082018,
            1.9849862099798499,
            2.0191331610671046,
            2.0521527811626696,
            2.0840808694025883,
            2.1149521837755816,
            2.1448004646944403,
            2.1736584585473406,
            2.201557941178579,
            2.228529741253303,
            2.2546037634654574,
            2.2798090115524787,
            2.3041736110842326,
            2.327724831997357,
            2.350489110849507,
            2.3724920727711343,
            2.393758553095239,
            2.4143126186481734,
            2.4341775886869543,
            2.453376055470749,
            2.4719299044562018,
            2.4898603341081222,
            2.507187875318713,
            2.523932410430068,
            2.5401131918560518,
            2.555748860300959,
            2.5708574625734735,
            2.5854564689955204,
            2.5995627904065275,
            2.6131927947644753,
            2.6263623233458615,
            2.6390867065474173
        ]
    }
}